{
  "Routes": [
    {
      "UpstreamPathTemplate": "/bajaj/products",
      "UpstreamHttpMethod": [ "Get" ],
      "DownstreamPathTemplate": "/api/catalogs/commercial-products",
      "DownstreamScheme": "https",
      "DownstreamHostAndPorts": [
        {
          "Host": "localhost",
          "Port": 7102
        }
      ]
    },
    {
      "UpstreamPathTemplate": "/bajaj/add-product",
      "UpstreamHttpMethod": [ "post" ],
      "DownstreamPathTemplate": "/api/Products/CreateProduct",
      "DownstreamScheme": "https",
      "DownstreamHostAndPorts": [
        {
          "Host": "localhost",
          "Port": 7021
        }
      ]
    },
    {
      "UpstreamPathTemplate": "/bajaj/authentication",
      "UpstreamHttpMethod": [ "post" ],
      "DownstreamPathTemplate": "/api/BajajAuth/CheckCredentials",
      "DownstreamScheme": "https",
      "DownstreamHostAndPorts": [
        {
          "Host": "localhost",
          "Port": 7028
        }
      ]
    }
  ],
  "GlobalConfiguration": {
    "BaseUrl": "https://localhost:7171"
  }
}

